--Insert into User table
INSERT INTO users (email, password, name, surname)
VALUES ('Maksym@hotmail.com', '$2a$08$y4OZBISMWhWvkiOpnP3Zc.MBNqq8fafbcisOAAQIPk8BSLJHZSMSi', 'Maksym', 'Khudoliy');

INSERT INTO users (email, password, name, surname)
VALUES ('Oleksandr@gmail.com', '$2a$08$3O8fkl2OkvraWerr2zlQyO7Ygk44twuy/0MMb0l6.T08Zshwv22Eq', 'Oleksandr ', 'Butrym');

INSERT INTO users (email, password, name, surname)
VALUES ('Vladyslav@gmail.com', '$2a$08$zBFw3opC9B03bErwdyLk5uvw9c403dDKOgE946AK9cFCSThsk5DNu', 'Vladyslav ', 'Khrychov');

INSERT INTO users (email, password, name, surname)
VALUES ('samerx777888@gmail.com', '$2a$08$LGWQnKjKAm63mZzcKrv2zOYcU4vk1JyZFfforgwnw7.DpZ1yVI7Ay', 'Samer', 'Khomsi Kak');

INSERT INTO users (email, password, name, surname)
VALUES ('Illia7788@gmail.com', '$2a$08$sa9EBs93cPq1wEcR3M0SJOfSqbLqvp4ygPJTIHWFum5sW5wXf8W1C', 'Illia', 'Kyselov');

INSERT INTO users (email, password, name, surname)
VALUES ('Kyryl88@gmail.com', '$2a$08$Ri4973P5CPJSQNssE.Xq4ufw.EDI5Ny17VIkttU3MKSLHzeId2tLq', 'Kyryl', 'Srebriakov');

INSERT INTO users (email, password, name, surname)
VALUES ('Kyryl88@gmail.com', '$2a$08$mLeXjd.HZ8VDdxYOFNyMs.NheO9s9IdX5YHjKeOwg3.S4qubhL05i', 'Denys', 'Panfilovskyi');

INSERT INTO users (email, password, name, surname)
VALUES ('Oleksandra21@gmail.com', '$2a$08$.75RyqFSNScksZ5h3ft.P.kC2ZVYWfxYzzOdVWefOtTyT5wAbmDq2', 'Oleksandra', 'Hryshchenko');

INSERT INTO users (email, password, name, surname)
VALUES ('Kyryl88@gmail.com', '$2a$08$EYQe6SVlapAQ4FRHWLmmV.TKVSYaNdYtWT6E32OarMq67Vx0y1LKa', 'Daria ', 'Hontar');

INSERT INTO users (email, password, name, surname)
VALUES ('Yarik@stehr.com', '$2a$08$zaLVVivRmeM38TAWcCvk.OyUvYVc7xAmMkpMrP5oWs2/Quq8xEkIu', 'Yarik', 'Usenko');

INSERT INTO users (email, password, name, surname)
VALUES ('Vladislav@stehr.com', '$2a$08$H9tLMT885vm3AjWvxwpI2uqBet3EoVmW9SgUQIZx7bg2ldBj/Zkgy', 'Vladislav', 'Zabilskij');

INSERT INTO users (email, password, name, surname)
VALUES ('Olesia@stehr.com', '$2a$08$eWA7Fs.6dyY/KLaaZ7hQ/.v6BsRDzgiUOozyjsZOry259lX9UkTde', 'Olesia', 'Polezhai');

INSERT INTO users (email, password, name, surname)
VALUES ('Bohdan@stehr.com', '$2a$08$jSJdd5MufL5RTrolqpn9B.0zLQG5QSvJjBWkd6utxQsUuPJwR1UhS', 'Bohdan', 'Anashkin');

INSERT INTO users (email, password, name, surname)
VALUES ('Billy@stehr.com', '$2a$08$UcqWUQ5yRpwqSvkCO8Knfu24bDSK3PHkXJMeXowBXsJNop3wi02H6', 'Billy', 'Herrington');

INSERT INTO users (email, password, name, surname)
VALUES ('Darkholme@sauer.biz', '$2a$08$M3opBQcGUoerxtfjlvcP/uGq89A2ENeLOlPNF1JfrHpWw1UaPTm2O', 'Van', 'Darkholme');

INSERT INTO users (email, password, name, surname)
VALUES ('Steve@hotmail.com', '$2a$08$lkW4.dytv6Q2g2gUArmz/ePjMGwyXX6DltykD/a7lHalmjII5OZIm', 'Steve', 'Rambo');

INSERT INTO users (email, password, name, surname)
VALUES ('Sylvester@langworth.com', '$2a$08$jo21h8gYg6mmUUZzqUAY8ubWKro94bWyasXdEyUxKXvOf8QrCYzja', 'Sylvester', 'Stallone');

INSERT INTO users (email, password, name, surname)
VALUES ('morton67@cremin.net', '$2a$08$Hsgb2bUSyHWrp9gtaiDehOUZPGk37uXNCzmhZcGjlWdlqR2lJw5Em', 'Dolph', 'Lundgren');

INSERT INTO users (email, password, name, surname)
VALUES ('daugherty.emanuel@gmail.com', '$2a$08$iPhon9yJPlv/gioXcvhxNOkyCAT6SWVzYbWgpdT2dewPdy4Jer9Ji', 'Van', 'Damme');

INSERT INTO users (email, password, name, surname)
VALUES ('jordan14@dare.net', '$2a$08$iPhon9yJPlv/gioXcvhxNOkyCAT6SWVzYbWgpdT2dewPdy4Jer9Ji', 'Arnold', 'Schwarzenegger');

INSERT INTO users (email, password, name, surname)
VALUES ('medhurst.kiera@bartell.com', '$2a$08$QjLOg0eO92/7qMAM4/JYg.rhOW.oNIJnhNeFm3J5i6Noztq7nNgsa', 'Ricardo', 'Milos');

INSERT INTO users (email, password, name, surname)
VALUES ('dusty@gmail.com', '$2a$08$xi6Y0keWrkcKqbiRtdDUQugnIQ3CQZbCmCwnHGnhVj1exOel8hqNi', 'Denys', 'Karpenko');

INSERT INTO users (email, password, name, surname)
VALUES ('llssgqi@mydefipet.live', '$2a$08$fnW54FsIIsXYNHid9GvnYupzp81PRwqMvxzKbfeCZSLmM208ZDW76', 'Svyatoslav', 'Hryshchenkovskii');

INSERT INTO users (email, password, name, surname)
VALUES ('vmpecko@femailtor.com', '$2a$08$AxWhtDD.wU6qqNzICBzndu7jV6VgyTCaoP31KCWFq0NTC0qn40ZQe', 'Vitalii', 'Kharechko');

INSERT INTO users (email, password, name, surname)
VALUES ('aypztmpcovdzylqkd@gmail.com', '$2a$08$ymu9fo3eT4BhXqY7Tzlds.LoglMOIf5nbKRuluyvA3gyIFyF5C/6a', 'Ayton', 'Crouford');

INSERT INTO users (email, password, name, surname)
VALUES ('dustofappearance678@gmail.com', '$2a$08$ymu9fo3eT4BhXqY7Tzlds.LoglMOIf5nbKRuluyvA3gyIFyF5C/6a', 'Leonardo', 'Biller');

INSERT INTO users (email, password, name, surname)
VALUES ('alexandercaripo631@gmail.com', '$2a$08$Pr0ll9mnfP4YkmpMrAOJReB9x.PMISDeS0nqO40FrRNJ6mYaX3pFK', 'Alexander', 'Caripo');

--Insert into User_roles--
INSERT INTO user_roles (user_id, role)VALUES (1,'ROLE_TALENT');
INSERT INTO user_roles (user_id, role)VALUES (2,'ROLE_TALENT');
INSERT INTO user_roles (user_id, role)VALUES (3,'ROLE_TALENT');
INSERT INTO user_roles (user_id, role)VALUES (4,'ROLE_TALENT');
INSERT INTO user_roles (user_id, role)VALUES (5,'ROLE_TALENT');
INSERT INTO user_roles (user_id, role)VALUES (6,'ROLE_TALENT');
INSERT INTO user_roles (user_id, role)VALUES (7,'ROLE_TALENT');
INSERT INTO user_roles (user_id, role)VALUES (8,'ROLE_TALENT');
INSERT INTO user_roles (user_id, role)VALUES (9,'ROLE_TALENT');
INSERT INTO user_roles (user_id, role)VALUES (10,'ROLE_TALENT');
INSERT INTO user_roles (user_id, role)VALUES (11,'ROLE_TALENT');
INSERT INTO user_roles (user_id, role)VALUES (12,'ROLE_TALENT');
INSERT INTO user_roles (user_id, role)VALUES (13,'ROLE_TALENT');
INSERT INTO user_roles (user_id, role)VALUES (14,'ROLE_TALENT');
INSERT INTO user_roles (user_id, role)VALUES (15,'ROLE_TALENT');
INSERT INTO user_roles (user_id, role)VALUES (16,'ROLE_TALENT');
INSERT INTO user_roles (user_id, role)VALUES (17,'ROLE_TALENT');
INSERT INTO user_roles (user_id, role)VALUES (18,'ROLE_TALENT');
INSERT INTO user_roles (user_id, role)VALUES (19,'ROLE_TALENT');
INSERT INTO user_roles (user_id, role)VALUES (20,'ROLE_TALENT');
INSERT INTO user_roles (user_id, role)VALUES (21,'ROLE_TALENT');
INSERT INTO user_roles (user_id, role)VALUES (22,'ROLE_TALENT');
INSERT INTO user_roles (user_id, role)VALUES (23,'ROLE_TALENT');
INSERT INTO user_roles (user_id, role)VALUES (24,'ROLE_TALENT');
INSERT INTO user_roles (user_id, role)VALUES (25,'ROLE_TALENT');
INSERT INTO user_roles (user_id, role)VALUES (26,'ROLE_TALENT');
INSERT INTO user_roles (user_id, role)VALUES (27,'ROLE_TALENT');

--Insert into Talent--
INSERT INTO talent (talent_id, image, experience, location, phone, birthday, education, about)
VALUES (1, 'https://drive.google.com/uc?export=view&id=1278-BQmUxr8cd9LBhz1ZSNAgrPXAdO8k', 'Top secret', 'Ukraine',
        '380677236263', '1998-02-13', 'SoftServe',
        'ac tincidunt lorem consectetur in. Nam quis leo elit. Interdum et malesuada fames ac ante ipsum primis in faucibus. Etiam fermentum sed eros sit amet hendrerit. ');

INSERT INTO talent (talent_id, image, experience, location, phone, birthday, education, about)
VALUES (2, 'https://drive.google.com/uc?export=view&id=1LRAGjCeeJwjs9g00wI40acPfwGlLe4z9', 'Java - infinity years',
        'Ukraine', '380999479826', '1992-12-26', 'SoftServe',
        'Lorem ipsum dolor sit amet, consectetur adipiscing elit. Fusce elit arcu, aliquam in massa vitae, blandit hendrerit nibh. Duis auctor, mi nec fringilla commodo, elit a');

INSERT INTO talent (talent_id, image, experience, location, phone, birthday, education, about)
VALUES (3, 'https://drive.google.com/uc?export=view&id=1gRLtkAmjB7V5VzXrTYjDHAEyWAEnkc5M',
        'JavaScript - infinity years', 'Ukraine', '380999479826', '1992-12-26', 'KNURE',
        'Lorem ipsum dolor sit amet, consectetur adipiscing elit. Fusce elit arcu, aliquam in massa vitae, blandit hendrerit nibh. Duis auctor, mi nec fringilla commodo, elit a');

INSERT INTO talent (talent_id, image, experience, location, phone, birthday, education, about)
VALUES (4, 'https://drive.google.com/uc?export=view&id=1busLH-_tljE76ABLXhejHEfqkC8UgMmO', 'Java - 4 years', 'Ukraine',
        '380476815559', '2001-10-01', 'KNURE',
        'Nullam pellentesque posuere est a consectetur. In vulputate, elit nec convallis tincidunt, elit leo vestibulum lectus, at condimentum est lectus vitae elit. Nam id ');

INSERT INTO talent (talent_id, image, experience, location, phone, birthday, education, about)
VALUES (5, 'https://drive.google.com/uc?export=view&id=13TYQIm2mrLzsLY1Dqk_zFrgcMWBoYn3-', 'Dungeon master - 1 year',
        'Paradise', '380476815559', '1969-11-07', 'Gachi Club',
        'Nullam pellentesque posuere est a consectetur. In vulputate, elit nec convallis tincidunt, elit leo vestibulum lectus, at condimentum est lectus vitae elit. Nam id ');

INSERT INTO talent (talent_id, image, experience, location, phone, birthday, education, about)
VALUES (6, 'https://drive.google.com/uc?export=view&id=1Qq1L_mzlH8Lzzldd4BHVUDeDwARNM80s', 'JavaScript - 4 year',
        'Ukraine', '380476815559', '1969-11-07', 'HDPK',
        'Nullam pellentesque posuere est a consectetur. In vulputate, elit nec convallis tincidunt, elit leo vestibulum lectus, at condimentum est lectus vitae elit. Nam id ');

INSERT INTO talent (talent_id, image, experience, location, phone, birthday, education, about)
VALUES (7, 'https://drive.google.com/uc?export=view&id=1_RN3DabUgJ49YDS4vUdqjxKi5pUfwtnk', 'Java - 2 year', 'Ukraine',
        '380476815559', '1969-11-07', 'KNURE',
        'Nullam pellentesque posuere est a consectetur. In vulputate, elit nec convallis tincidunt, elit leo vestibulum lectus, at condimentum est lectus vitae elit. Nam id ');

INSERT INTO talent (talent_id, image, experience, location, phone, birthday, education, about)
VALUES (8, 'https://drive.google.com/uc?export=view&id=1rK5zwcvKRFIExhkVg1jOQ3VxrmR39QTD', 'Java - 1 year', 'Ukraine',
        '380476815559', '1969-11-07', 'KNURE',
        'Nullam pellentesque posuere est a consectetur. In vulputate, elit nec convallis tincidunt, elit leo vestibulum lectus, at condimentum est lectus vitae elit. Nam id ');

INSERT INTO talent (talent_id, image, experience, location, phone, birthday, education, about)
VALUES (9, 'https://drive.google.com/uc?export=view&id=1V6FytOGkh3Hk872OJX1xOqUES21Oo1tN', 'QA - 4 year', 'Ukraine',
        '380476815559', '1969-11-07', 'KNURE',
        'Nullam pellentesque posuere est a consectetur. In vulputate, elit nec convallis tincidunt, elit leo vestibulum lectus, at condimentum est lectus vitae elit. Nam id ');

INSERT INTO talent (talent_id, image, experience, location, phone, birthday, education, about)
VALUES (10, 'https://drive.google.com/uc?export=view&id=1bxOnvRXggEukqVAczbBArTD2GtJzar2s', 'JavaScript - 2 year',
        'Ukraine', '380476815559', '1969-11-07', 'KNURE',
        'Nullam pellentesque posuere est a consectetur. In vulputate, elit nec convallis tincidunt, elit leo vestibulum lectus, at condimentum est lectus vitae elit. Nam id ');

INSERT INTO talent (talent_id, image, experience, location, phone, birthday, education, about)
VALUES (11, 'https://drive.google.com/uc?export=view&id=1HI3ZBZ-0je8JumatGPrr2BNEYvcvSZEt', 'JavaScript - 1 year',
        'Ukraine', '380476815559', '1969-11-07', 'KNURE',
        'Nullam pellentesque posuere est a consectetur. In vulputate, elit nec convallis tincidunt, elit leo vestibulum lectus, at condimentum est lectus vitae elit. Nam id ');

INSERT INTO talent (talent_id, image, experience, location, phone, birthday, education, about)
VALUES (12, 'https://drive.google.com/uc?export=view&id=1sK-D_1Vnjiqd11MbRg7yyMJmi7ZLQJgy', 'QA - 2 year', 'Ukraine',
        '380476815559', '1969-11-07', 'KNURE',
        'Nullam pellentesque posuere est a consectetur. In vulputate, elit nec convallis tincidunt, elit leo vestibulum lectus, at condimentum est lectus vitae elit. Nam id ');

INSERT INTO talent (talent_id, image, experience, location, phone, birthday, education, about)
VALUES (13, 'https://drive.google.com/uc?export=view&id=1vTQ2hgSS2PFdSarQSUljbQPzXLlK7cvw', 'QA - 3 year', 'Ukraine',
        '380476815559', '1969-11-07', 'KNURE',
        'Nullam pellentesque posuere est a consectetur. In vulputate, elit nec convallis tincidunt, elit leo vestibulum lectus, at condimentum est lectus vitae elit. Nam id ');

INSERT INTO talent (talent_id, image, experience, location, phone, birthday, education, about)
VALUES (14, 'https://i1.sndcdn.com/artworks-9PAs6n6uJh28Qpxr-KqALvA-t500x500.jpg', 'Dungeon master - 10 year',
        'Paradise', '380476815559', '1969-11-07', 'KNURE',
        'Nullam pellentesque posuere est a consectetur. In vulputate, elit nec convallis tincidunt, elit leo vestibulum lectus, at condimentum est lectus vitae elit. Nam id ');

INSERT INTO talent (talent_id, image, experience, location, phone, birthday, education, about)
VALUES (15, 'https://www.meme-arsenal.com/memes/1389b5237647ccc41435acbe232a61a0.jpg', 'Dungeon master - 7 years',
        'Ukraine', '380944555058', '1972-07-01', 'KNU',
        'Aliquam et odio et diam tempor ornare. Sed ornare, sapien et suscipit aliquam, tellus arcu accumsan lectus, et ornare metus sapien sed dolor. Nullam ultrices orci sit.');

INSERT INTO talent (talent_id, image, experience, location, phone, birthday, education, about)
VALUES (16, 'https://www.meme-arsenal.com/memes/2d0ec0eca8f0799eb4aaf55318b6d96f.jpg', 'Java - 6 years', 'Kharkiv',
        '380993829879', '1956-04-01', 'KPI',
        'Lorem ipsum dolor sit amet, consectetur adipiscing elit. Proin sapien dui, ultricies quis ullamcorper quis, placerat ut urna. Orci varius natoque penatibus et magnis dis');

INSERT INTO talent (talent_id, image, experience, location, phone, birthday, education, about)
VALUES (17, 'https://hollywoodlife.com/wp-content/uploads/2022/07/Sylvester-Stallone-young-1.jpg?w=680',
        'Actor - 15 years', 'America', '380912107884', '1968-04-08', 'KhNURE',
        'Nunc vitae erat commodo, ullamcorper odio vitae, cursus sapien. In nec sem sem. Integer eu nulla pellentesque, efficitur lacus et, scelerisque justo. Donec ac est quis ');

INSERT INTO talent (talent_id, image, experience, location, phone, birthday, education, about)
VALUES (18, 'https://regnum.ru/uploads/pictures/news/2019/04/04/regnum_picture_1554352151137283_big.jpg',
        'Actor - 20 years', 'Sweden', '380972396565', '1947-12-25', 'KPI',
        'Lorem ipsum dolor sit amet, consectetur adipiscing elit. Phasellus sit amet mi et ante imperdiet pretium. Maecenas ut velit venenatis, suscipit dui eget, commodo nisi. ');

INSERT INTO talent (talent_id, image, experience, location, phone, birthday, education, about)
VALUES (19, 'https://b1.filmpro.ru/c/123822.700xp.jpg', 'Actor - 30 years', 'Belgium', '380638723418', '2004-01-11',
        'KhNURE',
        'Aliquam at erat eu felis pretium suscipit. Nunc iaculis, diam eu varius aliquam, erat sapien pellentesque sem, non gravida mi dui eget sapien. Nulla in tincidunt au');

INSERT INTO talent (talent_id, image, experience, location, phone, birthday, education, about)
VALUES (20,
        'https://tvcenter.ru/wp-content/uploads/2012/01/wpid-Arnold-SHvartsenegger-Kino-segodnya-ochen-zloe-FOTO-1.jpg',
        'no experience', 'Austria', '380962167091', '1947-05-03', 'KPI',
        'Lorem ipsum dolor sit amet, consectetur adipiscing elit. Maecenas mauris purus, fermentum in ipsum nec, efficitur bibendum purus. In hac habitasse platea dictumst. ');

INSERT INTO talent (talent_id, image, experience, location, phone, birthday, education, about)
VALUES (21, 'https://play-lh.googleusercontent.com/8GsTy26UE0lDGqoFOeClJ_t1874nm9gqBEUfX62Ztcpq9aOMuMI6xrpByAxqxOid-m4',
        'Python - 8 years', 'Kharkiv', '380990874489', '1977-08-11', 'ZNU',
        'Lorem ipsum dolor sit amet, consectetur adipiscing elit. Sed feugiat rhoncus fermentum. Sed tempor justo convallis, viverra odio nec, ornare magna. Vestibulum vel ');

INSERT INTO talent (talent_id, image, experience, location, phone, birthday, education, about)
VALUES (22,
        'https://encrypted-tbn0.gstatic.com/images?q=tbn:ANd9GcQ9b-G5NDFGpNDf3C1pkpIWsZHjwTzbGS3BsMn5VnCvCGTtFLj8IyX-jCsVFZ0WQoJCX2A&usqp=CAU',
        'Python - 3 years', 'Zaporizhzhia', '380939276267', '1989-06-01', 'KhPI',
        'Lorem ipsum dolor sit amet, consectetur adipiscing elit. Vivamus mauris augue, efficitur at elit a, gravida dictum risus. Vivamus est justo, lobortis vitae ');

INSERT INTO talent (talent_id, image, experience, location, phone, birthday, education, about)
VALUES (23,
        'https://media.istockphoto.com/id/611778400/photo/happy-man-showing-thumb-up.jpg?s=170667a&w=0&k=20&c=O2RHAuRaWvveIduXAGXLtHaGLXrXS7WeEBeAdkkMRbY=',
        'Java - 6 months', 'Odessa', '380500037378', '2004-02-19', 'KhNURE',
        'Nunc aliquet eros nisl, id molestie sapien blandit cursus. Quisque rhoncus eget leo vel condimentum. Fusce convallis tincidunt metus, quis porttitor nulla auctor');

INSERT INTO talent (talent_id, image, experience, location, phone, birthday, education, about)
VALUES (24, 'https://thumbs.dreamstime.com/b/happy-man-okay-sign-portrait-white-background-showing-31418338.jpg',
        'no experience', 'Kharkiv', '380911883625', '1994-07-31', 'KhNU',
        ' senectus et netus et malesuada fames ac turpis egestas. Integer finibus, leo eu dapibus molestie, libero odio blandit nulla, in euismod neque sem nec neque. Suspen');

INSERT INTO talent (talent_id, image, experience, location, phone, birthday, education, about)
VALUES (25, 'https://thumbs.dreamstime.com/b/satisfied-man-okay-sign-12922386.jpg', 'Java - 4 years', 'Zaporizhzhia',
        '380980790493', '1998-09-30', 'SuDMU',
        'Lorem ipsum dolor sit amet, consectetur adipiscing elit. Phasellus sit amet sem est. Aenean ultricies ultrices ');

INSERT INTO talent (talent_id, image, experience, location, phone, birthday, education, about)
VALUES (26, 'https://thumbs.dreamstime.com/b/smart-man-showing-okay-sign-handsome-young-ok-over-white-32991125.jpg',
        'no experience', 'Odessa', '380960608974', '2003-11-13', 'KhNURE',
        'Lorem ipsum dolor sit amet, consectetur adipiscing elit. Duis sem lacus, dapibus eu justo nec, dapibus imperdiet quam. Morbi dictum aliquam efficitur. Pellentesque');

INSERT INTO talent (talent_id, image, experience, location, phone, birthday, education, about)
VALUES (27,
        'https://media.istockphoto.com/id/175440771/photo/handsome-young-man-gesturing-thumbs-up-isolated.jpg?s=612x612&w=0&k=20&c=RMLEXPrDjwFg7uPb_Ri3KqpYF0BAEPjzloAB81viyCk=',
        'no experience', 'Kyiv', '380506654299', '1992-04-06', 'ZDMU',
        'Lorem ipsum dolor sit amet, consectetur adipiscing elit. Proin sollicitudin.');

--Insert into Proof--
INSERT INTO proof (publication_date, title, description, status, talent_id)
VALUES ('2000-01-01 14:30', 'testTitle', 'TestDescription', 'PUBLISHED', 1);
INSERT INTO proof (publication_date, title, description, status, talent_id)
VALUES ('1995-02-14 09:00', 'testTitle', 'TestDescription', 'PUBLISHED', 2);
INSERT INTO proof (publication_date, title, description, status, talent_id)
VALUES ('1987-03-17 15:45', 'testTitle', 'TestDescription', 'PUBLISHED', 2);
INSERT INTO proof (publication_date, title, description, status, talent_id)
VALUES ('1976-04-20 11:30', 'testTitle', 'TestDescription', 'PUBLISHED', 3);
INSERT INTO proof (publication_date, title, description, status, talent_id)
VALUES ('1983-05-05 17:15', 'testTitle', 'TestDescription', 'PUBLISHED', 3);
INSERT INTO proof (publication_date, title, description, status, talent_id)
VALUES ('1999-06-10 08:00', 'testTitle', 'TestDescription', 'PUBLISHED', 3);
INSERT INTO proof (publication_date, title, description, status, talent_id)
VALUES ('2005-07-15 13:30', 'testTitle', 'TestDescription', 'PUBLISHED', 4);
INSERT INTO proof (publication_date, title, description, status, talent_id)
VALUES ('1992-08-23 10:15', 'testTitle', 'TestDescription', 'PUBLISHED', 4);
INSERT INTO proof (publication_date, title, description, status, talent_id)
VALUES ('1980-09-03 16:00', 'testTitle', 'TestDescription', 'PUBLISHED', 4);
INSERT INTO proof (publication_date, title, description, status, talent_id)
VALUES ('1974-10-14 12:45', 'testTitle', 'TestDescription', 'PUBLISHED', 4);
INSERT INTO proof (publication_date, title, description, status, talent_id)
VALUES ('1989-11-18 18:30', 'testTitle', 'TestDescription', 'PUBLISHED', 5);
INSERT INTO proof (publication_date, title, description, status, talent_id)
VALUES ('2001-12-25 07:15', 'testTitle', 'TestDescription', 'PUBLISHED', 5);
INSERT INTO proof (publication_date, title, description, status, talent_id)
VALUES ('1998-01-29 14:00', 'testTitle', 'TestDescription', 'PUBLISHED', 5);
INSERT INTO proof (publication_date, title, description, status, talent_id)
VALUES ('1985-02-22 10:45', 'testTitle', 'TestDescription', 'PUBLISHED', 5);
INSERT INTO proof (publication_date, title, description, status, talent_id)
VALUES ('1977-03-27 16:30', 'testTitle', 'TestDescription', 'PUBLISHED', 5);
INSERT INTO proof (publication_date, title, description, status, talent_id)
VALUES ('1993-04-30 13:15', 'testTitle', 'TestDescription', 'PUBLISHED', 6);
INSERT INTO proof (publication_date, title, description, status, talent_id)
VALUES ('1981-05-10 19:00', 'testTitle', 'TestDescription', 'PUBLISHED', 6);
INSERT INTO proof (publication_date, title, description, status, talent_id)
VALUES ('1975-06-21 08:45', 'testTitle', 'TestDescription', 'PUBLISHED', 6);
INSERT INTO proof (publication_date, title, description, status, talent_id)
VALUES ('1990-07-25 15:30', 'testTitle', 'TestDescription', 'PUBLISHED', 6);
INSERT INTO proof (publication_date, title, description, status, talent_id)
VALUES ('2002-08-30 12:15', 'testTitle', 'TestDescription', 'PUBLISHED', 6);
INSERT INTO proof (publication_date, title, description, status, talent_id)
VALUES ('1997-09-04 18:00', 'testTitle', 'TestDescription', 'PUBLISHED', 6);
INSERT INTO proof (publication_date, title, description, status, talent_id)
VALUES ('1986-10-17 08:45', 'testTitle', 'TestDescription', 'PUBLISHED', 7);
INSERT INTO proof (publication_date, title, description, status, talent_id)
VALUES ('1978-11-20 14:30', 'testTitle', 'TestDescription', 'PUBLISHED', 8);
INSERT INTO proof (publication_date, title, description, status, talent_id)
VALUES ('1994-12-31 11:15', 'testTitle', 'TestDescription', 'PUBLISHED', 9);
INSERT INTO proof (publication_date, title, description, status, talent_id)
VALUES ('1991-01-08 17:00', 'testTitle', 'TestDescription', 'PUBLISHED', 10);
INSERT INTO proof (publication_date, title, description, status, talent_id)
VALUES ('1988-02-12 13:45', 'testTitle', 'TestDescription', 'PUBLISHED', 11);
INSERT INTO proof (publication_date, title, description, status, talent_id)
VALUES ('1979-03-15 19:30', 'testTitle', 'TestDescription', 'PUBLISHED', 12);
INSERT INTO proof (publication_date, title, description, status, talent_id)
VALUES ('1996-04-18 08:15', 'testTitle', 'TestDescription', 'PUBLISHED', 13);
INSERT INTO proof (publication_date, title, description, status, talent_id)
VALUES ('1984-05-31 15:00', 'testTitle', 'TestDescription', 'PUBLISHED', 14);
INSERT INTO proof (publication_date, title, description, status, talent_id)
VALUES ('1973-06-11 11:45', 'testTitle', 'TestDescription', 'PUBLISHED', 15);
INSERT INTO proof (publication_date, title, description, status, talent_id)
VALUES ('2003-07-19 17:30', 'testTitle', 'TestDescription', 'PUBLISHED', 16);
INSERT INTO proof (publication_date, title, description, status, talent_id)
VALUES ('1999-08-24 14:15', 'testTitle', 'TestDescription', 'PUBLISHED', 17);
INSERT INTO proof (publication_date, title, description, status, talent_id)
VALUES ('1982-09-29 20:00', 'testTitle', 'TestDescription', 'PUBLISHED', 18);
INSERT INTO proof (publication_date, title, description, status, talent_id)
VALUES ('1971-10-30 08:45', 'testTitle', 'TestDescription', 'PUBLISHED', 19);
INSERT INTO proof (publication_date, title, description, status, talent_id)
VALUES ('2002-08-30 12:13', 'testTitle', 'TestDescription', 'PUBLISHED', 20);
INSERT INTO proof (publication_date, title, description, status, talent_id)
VALUES ('1997-09-04 18:00', 'testTitle', 'TestDescription', 'PUBLISHED', 21);
INSERT INTO proof (publication_date, title, description, status, talent_id)
VALUES ('1986-10-17 08:45', 'testTitle', 'TestDescription', 'PUBLISHED', 22);
INSERT INTO proof (publication_date, title, description, status, talent_id)
VALUES ('1978-11-20 14:30', 'testTitle', 'TestDescription', 'PUBLISHED', 23);
INSERT INTO proof (publication_date, title, description, status, talent_id)
VALUES ('1994-12-31 11:15', 'testTitle', 'TestDescription', 'PUBLISHED', 24);
INSERT INTO proof (publication_date, title, description, status, talent_id)
VALUES ('1991-01-08 17:00', 'testTitle', 'TestDescription', 'PUBLISHED', 25);
INSERT INTO proof (publication_date, title, description, status, talent_id)
VALUES ('1988-02-12 13:45', 'testTitle', 'TestDescription', 'PUBLISHED', 26);
INSERT INTO proof (publication_date, title, description, status, talent_id)
VALUES ('1979-03-15 19:30', 'testTitle', 'TestDescription', 'PUBLISHED', 27);